<?xml version="1.0" encoding="UTF-8"?>
<gnm:Workbook xmlns:gnm="http://www.gnumeric.org/v10.dtd" xmlns:xsi="http://www.w3.org/2001/XMLSchema-instance" xsi:schemaLocation="http://www.gnumeric.org/v9.xsd">
  <gnm:Version Epoch="1" Major="12" Minor="49" Full="1.12.49"/>
  <gnm:Attributes>
    <gnm:Attribute>
      <gnm:name>WorkbookView::show_horizontal_scrollbar</gnm:name>
      <gnm:value>TRUE</gnm:value>
    </gnm:Attribute>
    <gnm:Attribute>
      <gnm:name>WorkbookView::show_vertical_scrollbar</gnm:name>
      <gnm:value>TRUE</gnm:value>
    </gnm:Attribute>
    <gnm:Attribute>
      <gnm:name>WorkbookView::show_notebook_tabs</gnm:name>
      <gnm:value>TRUE</gnm:value>
    </gnm:Attribute>
    <gnm:Attribute>
      <gnm:name>WorkbookView::do_auto_completion</gnm:name>
      <gnm:value>TRUE</gnm:value>
    </gnm:Attribute>
    <gnm:Attribute>
      <gnm:name>WorkbookView::is_protected</gnm:name>
      <gnm:value>FALSE</gnm:value>
    </gnm:Attribute>
  </gnm:Attributes>
  <office:document-meta xmlns:office="urn:oasis:names:tc:opendocument:xmlns:office:1.0" xmlns:xlink="http://www.w3.org/1999/xlink" xmlns:dc="http://purl.org/dc/elements/1.1/" xmlns:meta="urn:oasis:names:tc:opendocument:xmlns:meta:1.0" xmlns:ooo="http://openoffice.org/2004/office" office:version="1.2">
    <office:meta>
      <dc:date>2022-06-02T09:49:15Z</dc:date>
      <meta:creation-date>2022-01-13T21:47:26Z</meta:creation-date>
    </office:meta>
  </office:document-meta>
  <gnm:Calculation ManualRecalc="0" EnableIteration="1" MaxIterations="100" IterationTolerance="0.001" FloatRadix="2" FloatDigits="53"/>
  <gnm:SheetNameIndex>
    <gnm:SheetName gnm:Cols="256" gnm:Rows="65536">Feuille1</gnm:SheetName>
    <gnm:SheetName gnm:SheetType="object" gnm:Cols="256" gnm:Rows="65536">Graphique1</gnm:SheetName>
    <gnm:SheetName gnm:SheetType="object" gnm:Cols="256" gnm:Rows="65536">Graphique2</gnm:SheetName>
  </gnm:SheetNameIndex>
  <gnm:Geometry Width="1366" Height="583"/>
  <gnm:Sheets>
    <gnm:Sheet DisplayFormulas="0" HideZero="0" HideGrid="0" HideColHeader="0" HideRowHeader="0" DisplayOutlines="1" OutlineSymbolsBelow="1" OutlineSymbolsRight="1" Visibility="GNM_SHEET_VISIBILITY_VISIBLE" GridColor="0:0:0">
      <gnm:Name>Feuille1</gnm:Name>
      <gnm:MaxCol>13</gnm:MaxCol>
      <gnm:MaxRow>28</gnm:MaxRow>
      <gnm:Zoom>1</gnm:Zoom>
      <gnm:Names>
        <gnm:Name>
          <gnm:name>Print_Area</gnm:name>
          <gnm:value>#REF!</gnm:value>
          <gnm:position>A1</gnm:position>
        </gnm:Name>
        <gnm:Name>
          <gnm:name>Sheet_Title</gnm:name>
          <gnm:value>&quot;Feuille1&quot;</gnm:value>
          <gnm:position>A1</gnm:position>
        </gnm:Name>
      </gnm:Names>
      <gnm:PrintInformation>
        <gnm:Margins>
          <gnm:top Points="120" PrefUnit="mm"/>
          <gnm:bottom Points="120" PrefUnit="mm"/>
          <gnm:left Points="72" PrefUnit="mm"/>
          <gnm:right Points="72" PrefUnit="mm"/>
          <gnm:header Points="72" PrefUnit="mm"/>
          <gnm:footer Points="72" PrefUnit="mm"/>
        </gnm:Margins>
        <gnm:Scale type="percentage" percentage="100"/>
        <gnm:vcenter value="0"/>
        <gnm:hcenter value="0"/>
        <gnm:grid value="0"/>
        <gnm:even_if_only_styles value="0"/>
        <gnm:monochrome value="0"/>
        <gnm:draft value="0"/>
        <gnm:titles value="0"/>
        <gnm:do_not_print value="0"/>
        <gnm:print_range value="GNM_PRINT_ACTIVE_SHEET"/>
        <gnm:order>d_then_r</gnm:order>
        <gnm:orientation>portrait</gnm:orientation>
        <gnm:Header Left="" Middle="&amp;[TAB]" Right=""/>
        <gnm:Footer Left="" Middle="Page &amp;[PAGE]" Right=""/>
        <gnm:paper>iso_a4</gnm:paper>
        <gnm:comments placement="GNM_PRINT_COMMENTS_IN_PLACE"/>
        <gnm:errors PrintErrorsAs="GNM_PRINT_ERRORS_AS_DISPLAYED"/>
      </gnm:PrintInformation>
      <gnm:Styles>
        <gnm:StyleRegion startCol="0" startRow="0" endCol="6" endRow="0">
          <gnm:Style HAlign="GNM_HALIGN_GENERAL" VAlign="GNM_VALIGN_BOTTOM" WrapText="0" ShrinkToFit="0" Rotation="0" Shade="0" Indent="0" Locked="1" Hidden="0" Fore="0:0:0" Back="FFFF:FFFF:FFFF" PatternColor="0:0:0" Format="General">
            <gnm:Font Unit="10" Bold="0" Italic="0" Underline="0" StrikeThrough="0" Script="0">Sans</gnm:Font>
          </gnm:Style>
        </gnm:StyleRegion>
        <gnm:StyleRegion startCol="0" startRow="1" endCol="2" endRow="27">
          <gnm:Style HAlign="GNM_HALIGN_GENERAL" VAlign="GNM_VALIGN_BOTTOM" WrapText="0" ShrinkToFit="0" Rotation="0" Shade="0" Indent="0" Locked="1" Hidden="0" Fore="0:0:0" Back="FFFF:FFFF:FFFF" PatternColor="0:0:0" Format="General">
            <gnm:Font Unit="10" Bold="0" Italic="0" Underline="0" StrikeThrough="0" Script="0">Sans</gnm:Font>
          </gnm:Style>
        </gnm:StyleRegion>
        <gnm:StyleRegion startCol="0" startRow="28" endCol="6" endRow="65534">
          <gnm:Style HAlign="GNM_HALIGN_GENERAL" VAlign="GNM_VALIGN_BOTTOM" WrapText="0" ShrinkToFit="0" Rotation="0" Shade="0" Indent="0" Locked="1" Hidden="0" Fore="0:0:0" Back="FFFF:FFFF:FFFF" PatternColor="0:0:0" Format="General">
            <gnm:Font Unit="10" Bold="0" Italic="0" Underline="0" StrikeThrough="0" Script="0">Sans</gnm:Font>
          </gnm:Style>
        </gnm:StyleRegion>
        <gnm:StyleRegion startCol="0" startRow="65535" endCol="15" endRow="65535">
          <gnm:Style HAlign="GNM_HALIGN_GENERAL" VAlign="GNM_VALIGN_BOTTOM" WrapText="0" ShrinkToFit="0" Rotation="0" Shade="0" Indent="0" Locked="1" Hidden="0" Fore="0:0:0" Back="FFFF:FFFF:FFFF" PatternColor="0:0:0" Format="General">
            <gnm:Font Unit="10" Bold="0" Italic="0" Underline="0" StrikeThrough="0" Script="0">Sans</gnm:Font>
          </gnm:Style>
        </gnm:StyleRegion>
        <gnm:StyleRegion startCol="3" startRow="1" endCol="3" endRow="27">
          <gnm:Style HAlign="GNM_HALIGN_GENERAL" VAlign="GNM_VALIGN_BOTTOM" WrapText="0" ShrinkToFit="0" Rotation="0" Shade="0" Indent="0" Locked="1" Hidden="0" Fore="0:0:0" Back="FFFF:FFFF:FFFF" PatternColor="0:0:0" Format="0.000">
            <gnm:Font Unit="10" Bold="0" Italic="0" Underline="0" StrikeThrough="0" Script="0">Sans</gnm:Font>
          </gnm:Style>
        </gnm:StyleRegion>
        <gnm:StyleRegion startCol="4" startRow="1" endCol="4" endRow="27">
          <gnm:Style HAlign="GNM_HALIGN_GENERAL" VAlign="GNM_VALIGN_BOTTOM" WrapText="0" ShrinkToFit="0" Rotation="0" Shade="0" Indent="0" Locked="1" Hidden="0" Fore="0:0:0" Back="FFFF:FFFF:FFFF" PatternColor="0:0:0" Format="0.0000">
            <gnm:Font Unit="10" Bold="0" Italic="0" Underline="0" StrikeThrough="0" Script="0">Sans</gnm:Font>
          </gnm:Style>
        </gnm:StyleRegion>
        <gnm:StyleRegion startCol="5" startRow="1" endCol="10" endRow="27">
          <gnm:Style HAlign="GNM_HALIGN_GENERAL" VAlign="GNM_VALIGN_BOTTOM" WrapText="0" ShrinkToFit="0" Rotation="0" Shade="0" Indent="0" Locked="1" Hidden="0" Fore="0:0:0" Back="FFFF:FFFF:FFFF" PatternColor="0:0:0" Format="0.000E-00">
            <gnm:Font Unit="10" Bold="0" Italic="0" Underline="0" StrikeThrough="0" Script="0">Sans</gnm:Font>
          </gnm:Style>
        </gnm:StyleRegion>
        <gnm:StyleRegion startCol="7" startRow="0" endCol="8" endRow="0">
          <gnm:Style HAlign="GNM_HALIGN_GENERAL" VAlign="GNM_VALIGN_BOTTOM" WrapText="0" ShrinkToFit="0" Rotation="0" Shade="0" Indent="0" Locked="1" Hidden="0" Fore="0:0:0" Back="FFFF:FFFF:FFFF" PatternColor="0:0:0" Format="0.000E-00">
            <gnm:Font Unit="10" Bold="0" Italic="0" Underline="0" StrikeThrough="0" Script="0">Sans</gnm:Font>
          </gnm:Style>
        </gnm:StyleRegion>
        <gnm:StyleRegion startCol="7" startRow="28" endCol="7" endRow="65534">
          <gnm:Style HAlign="GNM_HALIGN_GENERAL" VAlign="GNM_VALIGN_BOTTOM" WrapText="0" ShrinkToFit="0" Rotation="0" Shade="0" Indent="0" Locked="1" Hidden="0" Fore="0:0:0" Back="FFFF:FFFF:FFFF" PatternColor="0:0:0" Format="0.000E-00">
            <gnm:Font Unit="10" Bold="0" Italic="0" Underline="0" StrikeThrough="0" Script="0">Sans</gnm:Font>
          </gnm:Style>
        </gnm:StyleRegion>
        <gnm:StyleRegion startCol="8" startRow="28" endCol="8" endRow="28">
          <gnm:Style HAlign="GNM_HALIGN_GENERAL" VAlign="GNM_VALIGN_BOTTOM" WrapText="0" ShrinkToFit="0" Rotation="0" Shade="0" Indent="0" Locked="1" Hidden="0" Fore="0:0:0" Back="FFFF:FFFF:FFFF" PatternColor="0:0:0" Format="0.00E-00">
            <gnm:Font Unit="10" Bold="0" Italic="0" Underline="0" StrikeThrough="0" Script="0">Sans</gnm:Font>
          </gnm:Style>
        </gnm:StyleRegion>
        <gnm:StyleRegion startCol="8" startRow="29" endCol="8" endRow="65534">
          <gnm:Style HAlign="GNM_HALIGN_GENERAL" VAlign="GNM_VALIGN_BOTTOM" WrapText="0" ShrinkToFit="0" Rotation="0" Shade="0" Indent="0" Locked="1" Hidden="0" Fore="0:0:0" Back="FFFF:FFFF:FFFF" PatternColor="0:0:0" Format="0.000E-00">
            <gnm:Font Unit="10" Bold="0" Italic="0" Underline="0" StrikeThrough="0" Script="0">Sans</gnm:Font>
          </gnm:Style>
        </gnm:StyleRegion>
        <gnm:StyleRegion startCol="9" startRow="0" endCol="11" endRow="0">
          <gnm:Style HAlign="GNM_HALIGN_GENERAL" VAlign="GNM_VALIGN_BOTTOM" WrapText="0" ShrinkToFit="0" Rotation="0" Shade="0" Indent="0" Locked="1" Hidden="0" Fore="0:0:0" Back="FFFF:FFFF:FFFF" PatternColor="0:0:0" Format="General">
            <gnm:Font Unit="10" Bold="0" Italic="0" Underline="0" StrikeThrough="0" Script="0">Sans</gnm:Font>
          </gnm:Style>
        </gnm:StyleRegion>
        <gnm:StyleRegion startCol="9" startRow="28" endCol="9" endRow="28">
          <gnm:Style HAlign="GNM_HALIGN_GENERAL" VAlign="GNM_VALIGN_BOTTOM" WrapText="0" ShrinkToFit="0" Rotation="0" Shade="0" Indent="0" Locked="1" Hidden="0" Fore="0:0:0" Back="FFFF:FFFF:FFFF" PatternColor="0:0:0" Format="General">
            <gnm:Font Unit="10" Bold="0" Italic="0" Underline="0" StrikeThrough="0" Script="0">Sans</gnm:Font>
          </gnm:Style>
        </gnm:StyleRegion>
        <gnm:StyleRegion startCol="9" startRow="29" endCol="15" endRow="65534">
          <gnm:Style HAlign="GNM_HALIGN_GENERAL" VAlign="GNM_VALIGN_BOTTOM" WrapText="0" ShrinkToFit="0" Rotation="0" Shade="0" Indent="0" Locked="1" Hidden="0" Fore="0:0:0" Back="FFFF:FFFF:FFFF" PatternColor="0:0:0" Format="General">
            <gnm:Font Unit="10" Bold="0" Italic="0" Underline="0" StrikeThrough="0" Script="0">Sans</gnm:Font>
          </gnm:Style>
        </gnm:StyleRegion>
        <gnm:StyleRegion startCol="10" startRow="28" endCol="10" endRow="28">
          <gnm:Style HAlign="GNM_HALIGN_GENERAL" VAlign="GNM_VALIGN_BOTTOM" WrapText="0" ShrinkToFit="0" Rotation="0" Shade="0" Indent="0" Locked="1" Hidden="0" Fore="0:0:0" Back="FFFF:FFFF:FFFF" PatternColor="0:0:0" Format="0.000E-00">
            <gnm:Font Unit="10" Bold="0" Italic="0" Underline="0" StrikeThrough="0" Script="0">Sans</gnm:Font>
          </gnm:Style>
        </gnm:StyleRegion>
        <gnm:StyleRegion startCol="11" startRow="1" endCol="11" endRow="27">
          <gnm:Style HAlign="GNM_HALIGN_GENERAL" VAlign="GNM_VALIGN_BOTTOM" WrapText="0" ShrinkToFit="0" Rotation="0" Shade="0" Indent="0" Locked="1" Hidden="0" Fore="0:0:0" Back="FFFF:FFFF:FFFF" PatternColor="0:0:0" Format="0.000">
            <gnm:Font Unit="10" Bold="0" Italic="0" Underline="0" StrikeThrough="0" Script="0">Sans</gnm:Font>
          </gnm:Style>
        </gnm:StyleRegion>
        <gnm:StyleRegion startCol="11" startRow="28" endCol="15" endRow="28">
          <gnm:Style HAlign="GNM_HALIGN_GENERAL" VAlign="GNM_VALIGN_BOTTOM" WrapText="0" ShrinkToFit="0" Rotation="0" Shade="0" Indent="0" Locked="1" Hidden="0" Fore="0:0:0" Back="FFFF:FFFF:FFFF" PatternColor="0:0:0" Format="General">
            <gnm:Font Unit="10" Bold="0" Italic="0" Underline="0" StrikeThrough="0" Script="0">Sans</gnm:Font>
          </gnm:Style>
        </gnm:StyleRegion>
        <gnm:StyleRegion startCol="12" startRow="0" endCol="13" endRow="0">
          <gnm:Style HAlign="GNM_HALIGN_CENTER_ACROSS_SELECTION" VAlign="GNM_VALIGN_BOTTOM" WrapText="0" ShrinkToFit="0" Rotation="0" Shade="0" Indent="0" Locked="1" Hidden="0" Fore="0:0:0" Back="FFFF:FFFF:FFFF" PatternColor="0:0:0" Format="General">
            <gnm:Font Unit="10" Bold="0" Italic="0" Underline="0" StrikeThrough="0" Script="0">Sans</gnm:Font>
          </gnm:Style>
        </gnm:StyleRegion>
        <gnm:StyleRegion startCol="12" startRow="1" endCol="12" endRow="5">
          <gnm:Style HAlign="GNM_HALIGN_GENERAL" VAlign="GNM_VALIGN_BOTTOM" WrapText="0" ShrinkToFit="0" Rotation="0" Shade="0" Indent="0" Locked="1" Hidden="0" Fore="0:0:0" Back="FFFF:FFFF:FFFF" PatternColor="0:0:0" Format="General">
            <gnm:Font Unit="10" Bold="0" Italic="0" Underline="0" StrikeThrough="0" Script="0">Sans</gnm:Font>
          </gnm:Style>
        </gnm:StyleRegion>
        <gnm:StyleRegion startCol="12" startRow="6" endCol="15" endRow="6">
          <gnm:Style HAlign="GNM_HALIGN_GENERAL" VAlign="GNM_VALIGN_BOTTOM" WrapText="0" ShrinkToFit="0" Rotation="0" Shade="0" Indent="0" Locked="1" Hidden="0" Fore="0:0:0" Back="FFFF:FFFF:FFFF" PatternColor="0:0:0" Format="General">
            <gnm:Font Unit="10" Bold="0" Italic="0" Underline="0" StrikeThrough="0" Script="0">Sans</gnm:Font>
          </gnm:Style>
        </gnm:StyleRegion>
        <gnm:StyleRegion startCol="12" startRow="7" endCol="15" endRow="7">
          <gnm:Style HAlign="GNM_HALIGN_CENTER_ACROSS_SELECTION" VAlign="GNM_VALIGN_BOTTOM" WrapText="0" ShrinkToFit="0" Rotation="0" Shade="0" Indent="0" Locked="1" Hidden="0" Fore="0:0:0" Back="FFFF:FFFF:FFFF" PatternColor="0:0:0" Format="General">
            <gnm:Font Unit="10" Bold="0" Italic="0" Underline="0" StrikeThrough="0" Script="0">Sans</gnm:Font>
          </gnm:Style>
        </gnm:StyleRegion>
        <gnm:StyleRegion startCol="12" startRow="8" endCol="15" endRow="27">
          <gnm:Style HAlign="GNM_HALIGN_GENERAL" VAlign="GNM_VALIGN_BOTTOM" WrapText="0" ShrinkToFit="0" Rotation="0" Shade="0" Indent="0" Locked="1" Hidden="0" Fore="0:0:0" Back="FFFF:FFFF:FFFF" PatternColor="0:0:0" Format="General">
            <gnm:Font Unit="10" Bold="0" Italic="0" Underline="0" StrikeThrough="0" Script="0">Sans</gnm:Font>
          </gnm:Style>
        </gnm:StyleRegion>
        <gnm:StyleRegion startCol="13" startRow="1" endCol="13" endRow="5">
          <gnm:Style HAlign="GNM_HALIGN_GENERAL" VAlign="GNM_VALIGN_BOTTOM" WrapText="0" ShrinkToFit="0" Rotation="0" Shade="0" Indent="0" Locked="1" Hidden="0" Fore="0:0:0" Back="FFFF:FFFF:FFFF" PatternColor="0:0:0" Format="0.0000E-00">
            <gnm:Font Unit="10" Bold="0" Italic="0" Underline="0" StrikeThrough="0" Script="0">Sans</gnm:Font>
          </gnm:Style>
        </gnm:StyleRegion>
        <gnm:StyleRegion startCol="14" startRow="0" endCol="15" endRow="5">
          <gnm:Style HAlign="GNM_HALIGN_GENERAL" VAlign="GNM_VALIGN_BOTTOM" WrapText="0" ShrinkToFit="0" Rotation="0" Shade="0" Indent="0" Locked="1" Hidden="0" Fore="0:0:0" Back="FFFF:FFFF:FFFF" PatternColor="0:0:0" Format="General">
            <gnm:Font Unit="10" Bold="0" Italic="0" Underline="0" StrikeThrough="0" Script="0">Sans</gnm:Font>
          </gnm:Style>
        </gnm:StyleRegion>
        <gnm:StyleRegion startCol="16" startRow="0" endCol="255" endRow="65535">
          <gnm:Style HAlign="GNM_HALIGN_GENERAL" VAlign="GNM_VALIGN_BOTTOM" WrapText="0" ShrinkToFit="0" Rotation="0" Shade="0" Indent="0" Locked="1" Hidden="0" Fore="0:0:0" Back="FFFF:FFFF:FFFF" PatternColor="0:0:0" Format="General">
            <gnm:Font Unit="10" Bold="0" Italic="0" Underline="0" StrikeThrough="0" Script="0">Sans</gnm:Font>
          </gnm:Style>
        </gnm:StyleRegion>
      </gnm:Styles>
      <gnm:Cols DefaultSizePts="48">
        <gnm:ColInfo No="0" Unit="55.5" HardSize="1"/>
        <gnm:ColInfo No="4" Unit="57" HardSize="1"/>
        <gnm:ColInfo No="5" Unit="63" HardSize="1"/>
        <gnm:ColInfo No="6" Unit="56.25" HardSize="1"/>
        <gnm:ColInfo No="7" Unit="63" HardSize="1"/>
        <gnm:ColInfo No="8" Unit="59.25" HardSize="1"/>
        <gnm:ColInfo No="9" Unit="57" HardSize="1"/>
        <gnm:ColInfo No="10" Unit="68.25" HardSize="1"/>
        <gnm:ColInfo No="11" Unit="53.25" HardSize="1"/>
        <gnm:ColInfo No="12" Unit="65.25" HardSize="1"/>
        <gnm:ColInfo No="13" Unit="76.5"/>
      </gnm:Cols>
      <gnm:Rows DefaultSizePts="13.5"/>
      <gnm:Selections CursorCol="11" CursorRow="29">
        <gnm:Selection startCol="11" startRow="29" endCol="11" endRow="29"/>
      </gnm:Selections>
      <gnm:Objects>
        <gnm:SheetObjectGraph ObjectBound="M9" AnchorMode="GNM_SO_ANCHOR_ONE_CELL" ObjectOffset="0.046 0.722 311 232" Direction="17" Print="1">
          <GogObject type="GogGraph">
            <property name="height-pts">232</property>
            <property name="width-pts">311</property>
            <property name="theme-name">Default</property>
            <property name="padding-pts">7.086614173228346</property>
            <property name="style" type="GogStyle">
              <outline auto-dash="1" auto-width="1" auto-color="1"/>
              <fill type="none" auto-type="1" is-auto="1" auto-fore="1"/>
            </property>
            <property name="anchor">top-left</property>
            <property name="alignment">fill</property>
            <GogObject role="Chart">
              <property name="ypos">0</property>
              <property name="padding-pts">7.086614173228346</property>
              <property name="style" type="GogStyle">
                <outline auto-dash="1" auto-width="1" auto-color="1"/>
                <fill type="pattern" auto-type="1" is-auto="1" auto-fore="1">
                  <pattern type="solid" fore="0:0:0:FF" back="FF:FF:FF:FF" auto-pattern="1"/>
                </fill>
              </property>
              <property name="id">1</property>
              <GogObject role="Grid">
                <property name="style" type="GogStyle">
                  <outline auto-dash="1" auto-width="1" auto-color="1"/>
                  <fill type="pattern" auto-type="1" is-auto="1" auto-fore="1">
                    <pattern type="solid" fore="0:0:0:FF" back="D0:D0:D0:FF" auto-pattern="1"/>
                  </fill>
                </property>
                <property name="id">1</property>
              </GogObject>
              <GogObject role="X-Axis">
                <property name="metrics-unit">none</property>
                <property name="pos-str">low</property>
                <property name="style" type="GogStyle">
                  <line auto-dash="1" auto-width="1" auto-color="1"/>
                  <font auto-color="1" auto-font="1" auto-scale="1"/>
                  <text_layout/>
                </property>
                <property name="id">1</property>
                <data/>
              </GogObject>
              <GogObject role="Y-Axis">
                <property name="metrics-unit">none</property>
                <property name="assigned-format-string-XL">0E-00</property>
                <property name="map-name">Log</property>
                <property name="pos-str">low</property>
                <property name="style" type="GogStyle">
                  <line auto-dash="1" auto-width="1" auto-color="1"/>
                  <font auto-color="1" auto-font="1" auto-scale="1"/>
                  <text_layout/>
                </property>
                <property name="id">1</property>
                <data/>
              </GogObject>
              <GogObject role="Plot" type="GogXYPlot">
                <property name="default-style-has-fill">FALSE</property>
                <property name="default-style-has-lines">FALSE</property>
                <property name="y-axis">1</property>
                <property name="x-axis">1</property>
                <property name="vary-style-by-element">FALSE</property>
                <property name="id">1</property>
                <GogObject role="Series">
                  <property name="fill-type">y-origin</property>
                  <property name="interpolation">linear</property>
                  <property name="style" type="GogStyle">
                    <line auto-dash="1" auto-width="1" auto-color="1"/>
                    <fill type="none" auto-type="1" is-auto="1" auto-fore="1"/>
                    <marker auto-shape="1" auto-outline="1" auto-fill="1" size="5"/>
                  </property>
                  <property name="id">6</property>
                  <data>
                    <dimension id="-1" type="GnmGODataScalar">Feuille1!$A$2</dimension>
                    <dimension id="0" type="GnmGODataVector">Feuille1!$E$2</dimension>
                    <dimension id="1" type="GnmGODataVector">Feuille1!$F$2</dimension>
                  </data>
                </GogObject>
                <GogObject role="Series">
                  <property name="fill-type">y-origin</property>
                  <property name="interpolation">linear</property>
                  <property name="style" type="GogStyle">
                    <line auto-dash="1" auto-width="1" auto-color="1"/>
                    <fill type="none" auto-type="1" is-auto="1" auto-fore="1"/>
                    <marker auto-shape="1" auto-outline="1" auto-fill="1" size="5"/>
                  </property>
                  <property name="id">7</property>
                  <data>
                    <dimension id="-1" type="GnmGODataScalar">Feuille1!$A$3</dimension>
                    <dimension id="0" type="GnmGODataVector">Feuille1!$E$3:$E$4</dimension>
                    <dimension id="1" type="GnmGODataVector">Feuille1!$F$3:$F$4</dimension>
                  </data>
                </GogObject>
                <GogObject role="Series">
                  <property name="fill-type">y-origin</property>
                  <property name="interpolation">linear</property>
                  <property name="style" type="GogStyle">
                    <line auto-dash="1" auto-width="1" auto-color="1"/>
                    <fill type="none" auto-type="1" is-auto="1" auto-fore="1"/>
                    <marker auto-shape="1" auto-outline="1" auto-fill="1" size="5"/>
                  </property>
                  <property name="id">5</property>
                  <data>
                    <dimension id="-1" type="GnmGODataScalar">Feuille1!$A$5</dimension>
                    <dimension id="0" type="GnmGODataVector">Feuille1!$E$5:$E$7</dimension>
                    <dimension id="1" type="GnmGODataVector">Feuille1!$F$5:$F$7</dimension>
                  </data>
                </GogObject>
                <GogObject role="Series">
                  <property name="fill-type">y-origin</property>
                  <property name="interpolation">linear</property>
                  <property name="style" type="GogStyle">
                    <line auto-dash="1" auto-width="1" auto-color="1"/>
                    <fill type="none" auto-type="1" is-auto="1" auto-fore="1"/>
                    <marker auto-shape="1" auto-outline="1" auto-fill="1" size="5"/>
                  </property>
                  <property name="id">3</property>
                  <data>
                    <dimension id="-1" type="GnmGODataScalar">Feuille1!$A$8</dimension>
                    <dimension id="0" type="GnmGODataVector">Feuille1!$E$8:$E$12</dimension>
                    <dimension id="1" type="GnmGODataVector">Feuille1!$F$8:$F$12</dimension>
                  </data>
                </GogObject>
                <GogObject role="Series">
                  <property name="fill-type">y-origin</property>
                  <property name="interpolation">linear</property>
                  <property name="style" type="GogStyle">
                    <line auto-dash="1" auto-width="1" auto-color="1"/>
                    <fill type="none" auto-type="1" is-auto="1" auto-fore="1"/>
                    <marker auto-shape="1" auto-outline="1" auto-fill="1" size="5"/>
                  </property>
                  <property name="id">1</property>
                  <data>
                    <dimension id="-1" type="GnmGODataScalar">Feuille1!$A$13</dimension>
                    <dimension id="0" type="GnmGODataVector">Feuille1!$E$13:$E$20</dimension>
                    <dimension id="1" type="GnmGODataVector">Feuille1!$F$13:$F$20</dimension>
                  </data>
                </GogObject>
                <GogObject role="Series">
                  <property name="fill-type">y-origin</property>
                  <property name="interpolation">linear</property>
                  <property name="style" type="GogStyle">
                    <line auto-dash="1" auto-width="1" auto-color="1"/>
                    <fill type="none" auto-type="1" is-auto="1" auto-fore="1"/>
                    <marker auto-shape="1" auto-outline="1" auto-fill="1" size="5"/>
                  </property>
                  <property name="id">2</property>
                  <data>
                    <dimension id="-1" type="GnmGODataScalar">Feuille1!$A$21</dimension>
                    <dimension id="0" type="GnmGODataVector">Feuille1!$E$21:$E$25</dimension>
                    <dimension id="1" type="GnmGODataVector">Feuille1!$F$21:$F$25</dimension>
                  </data>
                </GogObject>
                <GogObject role="Series">
                  <property name="fill-type">y-origin</property>
                  <property name="interpolation">linear</property>
                  <property name="style" type="GogStyle">
                    <line auto-dash="1" auto-width="1" auto-color="1"/>
                    <fill type="none" auto-type="1" is-auto="1" auto-fore="1"/>
                    <marker auto-shape="0" shape="diamond" auto-outline="0" outline-color="FF:0:0:FF" auto-fill="0" fill-color="FF:0:0:FF" size="5"/>
                  </property>
                  <property name="id">4</property>
                  <data>
                    <dimension id="-1" type="GnmGODataScalar">Feuille1!$A$26</dimension>
                    <dimension id="0" type="GnmGODataVector">Feuille1!$E$26:$E$28</dimension>
                    <dimension id="1" type="GnmGODataVector">Feuille1!$F$26:$F$28</dimension>
                  </data>
                </GogObject>
              </GogObject>
            </GogObject>
          </GogObject>
        </gnm:SheetObjectGraph>
        <gnm:SheetObjectGraph ObjectBound="M27" AnchorMode="GNM_SO_ANCHOR_ONE_CELL" ObjectOffset="0.023 0.889 246 195" Direction="17" Print="1">
          <GogObject type="GogGraph">
            <property name="height-pts">195</property>
            <property name="width-pts">246</property>
            <property name="theme-name">Default</property>
            <property name="padding-pts">7.086614173228346</property>
            <property name="style" type="GogStyle">
              <outline auto-dash="1" auto-width="1" auto-color="1"/>
              <fill type="none" auto-type="1" is-auto="1" auto-fore="1"/>
            </property>
            <property name="anchor">top-left</property>
            <property name="alignment">fill</property>
            <GogObject role="Chart">
              <property name="ypos">0</property>
              <property name="padding-pts">7.086614173228346</property>
              <property name="style" type="GogStyle">
                <outline auto-dash="1" auto-width="1" auto-color="1"/>
                <fill type="pattern" auto-type="1" is-auto="1" auto-fore="1">
                  <pattern type="solid" fore="0:0:0:FF" back="FF:FF:FF:FF" auto-pattern="1"/>
                </fill>
              </property>
              <property name="id">1</property>
              <GogObject role="Grid">
                <property name="style" type="GogStyle">
                  <outline auto-dash="1" auto-width="1" auto-color="1"/>
                  <fill type="pattern" auto-type="1" is-auto="1" auto-fore="1">
                    <pattern type="solid" fore="0:0:0:FF" back="D0:D0:D0:FF" auto-pattern="1"/>
                  </fill>
                </property>
                <property name="id">1</property>
              </GogObject>
              <GogObject role="X-Axis">
                <property name="metrics-unit">none</property>
                <property name="pos-str">low</property>
                <property name="style" type="GogStyle">
                  <line auto-dash="1" auto-width="1" auto-color="1"/>
                  <font auto-color="1" auto-font="1" auto-scale="1"/>
                  <text_layout/>
                </property>
                <property name="id">1</property>
                <data/>
              </GogObject>
              <GogObject role="Y-Axis">
                <property name="metrics-unit">none</property>
                <property name="pos-str">low</property>
                <property name="style" type="GogStyle">
                  <line auto-dash="1" auto-width="1" auto-color="1"/>
                  <font auto-color="1" auto-font="1" auto-scale="1"/>
                  <text_layout/>
                </property>
                <property name="id">1</property>
                <data/>
              </GogObject>
              <GogObject role="Plot" type="GogXYPlot">
                <property name="default-style-has-fill">FALSE</property>
                <property name="default-style-has-lines">FALSE</property>
                <property name="y-axis">1</property>
                <property name="x-axis">1</property>
                <property name="vary-style-by-element">FALSE</property>
                <property name="id">1</property>
                <GogObject role="Series">
                  <property name="fill-type">y-origin</property>
                  <property name="interpolation">linear</property>
                  <property name="style" type="GogStyle">
                    <line auto-dash="1" auto-width="1" auto-color="1"/>
                    <fill type="none" auto-type="1" is-auto="1" auto-fore="1"/>
                    <marker auto-shape="1" auto-outline="1" auto-fill="1" size="5"/>
                  </property>
                  <property name="id">1</property>
                  <data>
                    <dimension id="-1" type="GnmGODataScalar">&quot;Experimental&quot;</dimension>
                    <dimension id="0" type="GnmGODataVector">Feuille1!$E$2:$E$28</dimension>
                    <dimension id="1" type="GnmGODataVector">Feuille1!$G$2:$G$28</dimension>
                  </data>
                </GogObject>
              </GogObject>
            </GogObject>
          </GogObject>
        </gnm:SheetObjectGraph>
      </gnm:Objects>
      <gnm:Cells>
        <gnm:Cell Row="0" Col="0" ValueType="60">Élément</gnm:Cell>
        <gnm:Cell Row="0" Col="1" ValueType="60">Z</gnm:Cell>
        <gnm:Cell Row="0" Col="2" ValueType="60">A</gnm:Cell>
        <gnm:Cell Row="0" Col="3" ValueType="60">E</gnm:Cell>
        <gnm:Cell Row="0" Col="4" ValueType="60">1/SQRT(E)</gnm:Cell>
        <gnm:Cell Row="0" Col="5" ValueType="60">t1/2</gnm:Cell>
        <gnm:Cell Row="0" Col="6" ValueType="60">ln(t1/2)</gnm:Cell>
        <gnm:Cell Row="0" Col="7" ValueType="60">a</gnm:Cell>
        <gnm:Cell Row="0" Col="8" ValueType="60">b</gnm:Cell>
        <gnm:Cell Row="0" Col="9" ValueType="60">ln(t1/2_th)</gnm:Cell>
        <gnm:Cell Row="0" Col="10" ValueType="60">ln(t_n)</gnm:Cell>
        <gnm:Cell Row="0" Col="12" ValueType="60">Constantes</gnm:Cell>
        <gnm:Cell Row="1" Col="0" ValueType="60">Polonium</gnm:Cell>
        <gnm:Cell Row="1" Col="1" ValueType="40">84</gnm:Cell>
        <gnm:Cell Row="1" Col="2" ValueType="40">210</gnm:Cell>
        <gnm:Cell Row="1" Col="3" ValueType="40">5.3040000000000003</gnm:Cell>
        <gnm:Cell Row="1" Col="4" ExprID="1">=1/sqrt(D2)</gnm:Cell>
        <gnm:Cell Row="1" Col="5" ValueType="40">11955690</gnm:Cell>
        <gnm:Cell Row="1" Col="6" ExprID="2">=ln(F2)</gnm:Cell>
        <gnm:Cell Row="1" Col="7" ExprID="3">=4*N$6/N$3*sqrt(N$2*(B2-2)*N$5/(4*pi()*N$4))*power(C2,1/6)</gnm:Cell>
        <gnm:Cell Row="1" Col="8" ExprID="4">=power(N$6,2)*(B2-2)/(2*N$3*N$4)*sqrt(2*N$2)</gnm:Cell>
        <gnm:Cell Row="1" Col="9" ExprID="5">=K2+ln(ln(2))-H2+I2/(sqrt(D2*N$7))</gnm:Cell>
        <gnm:Cell Row="1" Col="10" ExprID="6">=ln(2*N$5*power(C2,1/3)*sqrt(N$2/(2*D2)))</gnm:Cell>
        <gnm:Cell Row="1" Col="12" ValueType="60">m_alpha</gnm:Cell>
        <gnm:Cell Row="1" Col="13" ValueType="40">6.6464730999999995e-27</gnm:Cell>
        <gnm:Cell Row="2" Col="0" ValueType="60">Radon</gnm:Cell>
        <gnm:Cell Row="2" Col="1" ValueType="40">86</gnm:Cell>
        <gnm:Cell Row="2" Col="2" ValueType="40">291</gnm:Cell>
        <gnm:Cell Row="2" Col="3" ValueType="40">6.741498</gnm:Cell>
        <gnm:Cell Row="2" Col="4" ExprID="1"/>
        <gnm:Cell Row="2" Col="5" ValueType="40">3.96</gnm:Cell>
        <gnm:Cell Row="2" Col="6" ExprID="2"/>
        <gnm:Cell Row="2" Col="7" ExprID="3"/>
        <gnm:Cell Row="2" Col="8" ExprID="4"/>
        <gnm:Cell Row="2" Col="9" ExprID="5"/>
        <gnm:Cell Row="2" Col="10" ExprID="6"/>
        <gnm:Cell Row="2" Col="12" ValueType="60">hbar</gnm:Cell>
        <gnm:Cell Row="2" Col="13" ValueType="40">1.05457e-34</gnm:Cell>
        <gnm:Cell Row="3" Col="0" ValueType="60">Radon</gnm:Cell>
        <gnm:Cell Row="3" Col="1" ValueType="40">86</gnm:Cell>
        <gnm:Cell Row="3" Col="2" ValueType="40">220</gnm:Cell>
        <gnm:Cell Row="3" Col="3" ValueType="40">6.2880000000000003</gnm:Cell>
        <gnm:Cell Row="3" Col="4" ExprID="1"/>
        <gnm:Cell Row="3" Col="5" ValueType="40">55.799999999999997</gnm:Cell>
        <gnm:Cell Row="3" Col="6" ExprID="2"/>
        <gnm:Cell Row="3" Col="7" ExprID="3"/>
        <gnm:Cell Row="3" Col="8" ExprID="4"/>
        <gnm:Cell Row="3" Col="9" ExprID="5"/>
        <gnm:Cell Row="3" Col="10" ExprID="6"/>
        <gnm:Cell Row="3" Col="12" ValueType="60">epsilon_0</gnm:Cell>
        <gnm:Cell Row="3" Col="13" ValueType="40">8.8541900000000007e-12</gnm:Cell>
        <gnm:Cell Row="4" Col="0" ValueType="60">Radium</gnm:Cell>
        <gnm:Cell Row="4" Col="1" ValueType="40">88</gnm:Cell>
        <gnm:Cell Row="4" Col="2" ValueType="40">223</gnm:Cell>
        <gnm:Cell Row="4" Col="3" ValueType="40">5.5572699999999999</gnm:Cell>
        <gnm:Cell Row="4" Col="4" ExprID="1"/>
        <gnm:Cell Row="4" Col="5" ValueType="40">987550</gnm:Cell>
        <gnm:Cell Row="4" Col="6" ExprID="2"/>
        <gnm:Cell Row="4" Col="7" ExprID="3"/>
        <gnm:Cell Row="4" Col="8" ExprID="4"/>
        <gnm:Cell Row="4" Col="9" ExprID="5"/>
        <gnm:Cell Row="4" Col="10" ExprID="6"/>
        <gnm:Cell Row="4" Col="12" ValueType="60">r_0</gnm:Cell>
        <gnm:Cell Row="4" Col="13" ValueType="40">1.4000000000000001e-15</gnm:Cell>
        <gnm:Cell Row="5" Col="0" ValueType="60">Radium</gnm:Cell>
        <gnm:Cell Row="5" Col="1" ValueType="40">88</gnm:Cell>
        <gnm:Cell Row="5" Col="2" ValueType="40">224</gnm:Cell>
        <gnm:Cell Row="5" Col="3" ValueType="40">5.6718999999999999</gnm:Cell>
        <gnm:Cell Row="5" Col="4" ExprID="1"/>
        <gnm:Cell Row="5" Col="5" ValueType="40">313370</gnm:Cell>
        <gnm:Cell Row="5" Col="6" ExprID="2"/>
        <gnm:Cell Row="5" Col="7" ExprID="3"/>
        <gnm:Cell Row="5" Col="8" ExprID="4"/>
        <gnm:Cell Row="5" Col="9" ExprID="5"/>
        <gnm:Cell Row="5" Col="10" ExprID="6"/>
        <gnm:Cell Row="5" Col="12" ValueType="60">e</gnm:Cell>
        <gnm:Cell Row="5" Col="13" ValueType="40">1.6022177000000001e-19</gnm:Cell>
        <gnm:Cell Row="6" Col="0" ValueType="60">Radium</gnm:Cell>
        <gnm:Cell Row="6" Col="1" ValueType="40">88</gnm:Cell>
        <gnm:Cell Row="6" Col="2" ValueType="40">226</gnm:Cell>
        <gnm:Cell Row="6" Col="3" ValueType="40">4.7728999999999999</gnm:Cell>
        <gnm:Cell Row="6" Col="4" ExprID="1"/>
        <gnm:Cell Row="6" Col="5" ValueType="40">50491080000</gnm:Cell>
        <gnm:Cell Row="6" Col="6" ExprID="2"/>
        <gnm:Cell Row="6" Col="7" ExprID="3"/>
        <gnm:Cell Row="6" Col="8" ExprID="4"/>
        <gnm:Cell Row="6" Col="9" ExprID="5"/>
        <gnm:Cell Row="6" Col="10" ExprID="6"/>
        <gnm:Cell Row="6" Col="12" ValueType="60">MeV</gnm:Cell>
        <gnm:Cell Row="6" Col="13" ValueType="40">1.6021772999999999e-13</gnm:Cell>
        <gnm:Cell Row="7" Col="0" ValueType="60">Thorium</gnm:Cell>
        <gnm:Cell Row="7" Col="1" ValueType="40">90</gnm:Cell>
        <gnm:Cell Row="7" Col="2" ValueType="40">227</gnm:Cell>
        <gnm:Cell Row="7" Col="3" ValueType="40">5.7647500000000003</gnm:Cell>
        <gnm:Cell Row="7" Col="4" ExprID="1"/>
        <gnm:Cell Row="7" Col="5" ValueType="40">1530800</gnm:Cell>
        <gnm:Cell Row="7" Col="6" ExprID="2"/>
        <gnm:Cell Row="7" Col="7" ExprID="3"/>
        <gnm:Cell Row="7" Col="8" ExprID="4"/>
        <gnm:Cell Row="7" Col="9" ExprID="5"/>
        <gnm:Cell Row="7" Col="10" ExprID="6"/>
        <gnm:Cell Row="7" Col="12" ValueType="60">https://www-nds.iaea.org/sgnucdat/a2.htm</gnm:Cell>
        <gnm:Cell Row="8" Col="0" ValueType="60">Thorium</gnm:Cell>
        <gnm:Cell Row="8" Col="1" ValueType="40">90</gnm:Cell>
        <gnm:Cell Row="8" Col="2" ValueType="40">228</gnm:Cell>
        <gnm:Cell Row="8" Col="3" ValueType="40">5.3583499999999997</gnm:Cell>
        <gnm:Cell Row="8" Col="4" ExprID="1"/>
        <gnm:Cell Row="8" Col="5" ValueType="40">60359000</gnm:Cell>
        <gnm:Cell Row="8" Col="6" ExprID="2"/>
        <gnm:Cell Row="8" Col="7" ExprID="3"/>
        <gnm:Cell Row="8" Col="8" ExprID="4"/>
        <gnm:Cell Row="8" Col="9" ExprID="5"/>
        <gnm:Cell Row="8" Col="10" ExprID="6"/>
        <gnm:Cell Row="9" Col="0" ValueType="60">Thorium</gnm:Cell>
        <gnm:Cell Row="9" Col="1" ValueType="40">90</gnm:Cell>
        <gnm:Cell Row="9" Col="2" ValueType="40">229</gnm:Cell>
        <gnm:Cell Row="9" Col="3" ValueType="40">4.8579999999999997</gnm:Cell>
        <gnm:Cell Row="9" Col="4" ExprID="1"/>
        <gnm:Cell Row="9" Col="5" ValueType="40">231627800000</gnm:Cell>
        <gnm:Cell Row="9" Col="6" ExprID="2"/>
        <gnm:Cell Row="9" Col="7" ExprID="3"/>
        <gnm:Cell Row="9" Col="8" ExprID="4"/>
        <gnm:Cell Row="9" Col="9" ExprID="5"/>
        <gnm:Cell Row="9" Col="10" ExprID="6"/>
        <gnm:Cell Row="10" Col="0" ValueType="60">Thorium</gnm:Cell>
        <gnm:Cell Row="10" Col="1" ValueType="40">90</gnm:Cell>
        <gnm:Cell Row="10" Col="2" ValueType="40">230</gnm:Cell>
        <gnm:Cell Row="10" Col="3" ValueType="40">4.6574</gnm:Cell>
        <gnm:Cell Row="10" Col="4" ExprID="1"/>
        <gnm:Cell Row="10" Col="5" ValueType="40">2378760000000</gnm:Cell>
        <gnm:Cell Row="10" Col="6" ExprID="2"/>
        <gnm:Cell Row="10" Col="7" ExprID="3"/>
        <gnm:Cell Row="10" Col="8" ExprID="4"/>
        <gnm:Cell Row="10" Col="9" ExprID="5"/>
        <gnm:Cell Row="10" Col="10" ExprID="6"/>
        <gnm:Cell Row="11" Col="0" ValueType="60">Thorium</gnm:Cell>
        <gnm:Cell Row="11" Col="1" ValueType="40">90</gnm:Cell>
        <gnm:Cell Row="11" Col="2" ValueType="40">232</gnm:Cell>
        <gnm:Cell Row="11" Col="3" ValueType="40">4.0499999999999998</gnm:Cell>
        <gnm:Cell Row="11" Col="4" ExprID="1"/>
        <gnm:Cell Row="11" Col="5" ValueType="40">4.41797e+17</gnm:Cell>
        <gnm:Cell Row="11" Col="6" ExprID="2"/>
        <gnm:Cell Row="11" Col="7" ExprID="3"/>
        <gnm:Cell Row="11" Col="8" ExprID="4"/>
        <gnm:Cell Row="11" Col="9" ExprID="5"/>
        <gnm:Cell Row="11" Col="10" ExprID="6"/>
        <gnm:Cell Row="12" Col="0" ValueType="60">Uranium</gnm:Cell>
        <gnm:Cell Row="12" Col="1" ValueType="40">92</gnm:Cell>
        <gnm:Cell Row="12" Col="2" ValueType="40">228</gnm:Cell>
        <gnm:Cell Row="12" Col="3" ValueType="40">6.5899999999999999</gnm:Cell>
        <gnm:Cell Row="12" Col="4" ExprID="1"/>
        <gnm:Cell Row="12" Col="5" ValueType="40">558</gnm:Cell>
        <gnm:Cell Row="12" Col="6" ExprID="2"/>
        <gnm:Cell Row="12" Col="7" ExprID="3"/>
        <gnm:Cell Row="12" Col="8" ExprID="4"/>
        <gnm:Cell Row="12" Col="9" ExprID="5"/>
        <gnm:Cell Row="12" Col="10" ExprID="6"/>
        <gnm:Cell Row="13" Col="0" ValueType="60">Uranium</gnm:Cell>
        <gnm:Cell Row="13" Col="1" ValueType="40">92</gnm:Cell>
        <gnm:Cell Row="13" Col="2" ValueType="40">230</gnm:Cell>
        <gnm:Cell Row="13" Col="3" ValueType="40">5.5999999999999996</gnm:Cell>
        <gnm:Cell Row="13" Col="4" ExprID="1"/>
        <gnm:Cell Row="13" Col="5" ValueType="40">1814400</gnm:Cell>
        <gnm:Cell Row="13" Col="6" ExprID="2"/>
        <gnm:Cell Row="13" Col="7" ExprID="3"/>
        <gnm:Cell Row="13" Col="8" ExprID="4"/>
        <gnm:Cell Row="13" Col="9" ExprID="5"/>
        <gnm:Cell Row="13" Col="10" ExprID="6"/>
        <gnm:Cell Row="14" Col="0" ValueType="60">Uranium</gnm:Cell>
        <gnm:Cell Row="14" Col="1" ValueType="40">92</gnm:Cell>
        <gnm:Cell Row="14" Col="2" ValueType="40">232</gnm:Cell>
        <gnm:Cell Row="14" Col="3" ValueType="40">5.21</gnm:Cell>
        <gnm:Cell Row="14" Col="4" ExprID="1"/>
        <gnm:Cell Row="14" Col="5" ValueType="40">2303700000</gnm:Cell>
        <gnm:Cell Row="14" Col="6" ExprID="2"/>
        <gnm:Cell Row="14" Col="7" ExprID="3"/>
        <gnm:Cell Row="14" Col="8" ExprID="4"/>
        <gnm:Cell Row="14" Col="9" ExprID="5"/>
        <gnm:Cell Row="14" Col="10" ExprID="6"/>
        <gnm:Cell Row="15" Col="0" ValueType="60">Uranium</gnm:Cell>
        <gnm:Cell Row="15" Col="1" ValueType="40">92</gnm:Cell>
        <gnm:Cell Row="15" Col="2" ValueType="40">233</gnm:Cell>
        <gnm:Cell Row="15" Col="3" ValueType="40">4.8170000000000002</gnm:Cell>
        <gnm:Cell Row="15" Col="4" ExprID="1"/>
        <gnm:Cell Row="15" Col="5" ValueType="40">5042796770000</gnm:Cell>
        <gnm:Cell Row="15" Col="6" ExprID="2"/>
        <gnm:Cell Row="15" Col="7" ExprID="3"/>
        <gnm:Cell Row="15" Col="8" ExprID="4"/>
        <gnm:Cell Row="15" Col="9" ExprID="5"/>
        <gnm:Cell Row="15" Col="10" ExprID="6"/>
        <gnm:Cell Row="16" Col="0" ValueType="60">Uranium</gnm:Cell>
        <gnm:Cell Row="16" Col="1" ValueType="40">92</gnm:Cell>
        <gnm:Cell Row="16" Col="2" ValueType="40">234</gnm:Cell>
        <gnm:Cell Row="16" Col="3" ValueType="40">4.7000000000000002</gnm:Cell>
        <gnm:Cell Row="16" Col="4" ExprID="1"/>
        <gnm:Cell Row="16" Col="5" ValueType="40">7575660000000</gnm:Cell>
        <gnm:Cell Row="16" Col="6" ExprID="2"/>
        <gnm:Cell Row="16" Col="7" ExprID="3"/>
        <gnm:Cell Row="16" Col="8" ExprID="4"/>
        <gnm:Cell Row="16" Col="9" ExprID="5"/>
        <gnm:Cell Row="16" Col="10" ExprID="6"/>
        <gnm:Cell Row="17" Col="0" ValueType="60">Uranium</gnm:Cell>
        <gnm:Cell Row="17" Col="1" ValueType="40">92</gnm:Cell>
        <gnm:Cell Row="17" Col="2" ValueType="40">235</gnm:Cell>
        <gnm:Cell Row="17" Col="3" ValueType="40">4.3940000000000001</gnm:Cell>
        <gnm:Cell Row="17" Col="4" ExprID="1"/>
        <gnm:Cell Row="17" Col="5" ValueType="40">22209760000000000</gnm:Cell>
        <gnm:Cell Row="17" Col="6" ExprID="2"/>
        <gnm:Cell Row="17" Col="7" ExprID="3"/>
        <gnm:Cell Row="17" Col="8" ExprID="4"/>
        <gnm:Cell Row="17" Col="9" ExprID="5"/>
        <gnm:Cell Row="17" Col="10" ExprID="6"/>
        <gnm:Cell Row="18" Col="0" ValueType="60">Uranium</gnm:Cell>
        <gnm:Cell Row="18" Col="1" ValueType="40">92</gnm:Cell>
        <gnm:Cell Row="18" Col="2" ValueType="40">236</gnm:Cell>
        <gnm:Cell Row="18" Col="3" ValueType="40">4.4500000000000002</gnm:Cell>
        <gnm:Cell Row="18" Col="4" ExprID="1"/>
        <gnm:Cell Row="18" Col="5" ValueType="40">7258090000000000</gnm:Cell>
        <gnm:Cell Row="18" Col="6" ExprID="2"/>
        <gnm:Cell Row="18" Col="7" ExprID="3"/>
        <gnm:Cell Row="18" Col="8" ExprID="4"/>
        <gnm:Cell Row="18" Col="9" ExprID="5"/>
        <gnm:Cell Row="18" Col="10" ExprID="6"/>
        <gnm:Cell Row="19" Col="0" ValueType="60">Uranium</gnm:Cell>
        <gnm:Cell Row="19" Col="1" ValueType="40">92</gnm:Cell>
        <gnm:Cell Row="19" Col="2" ValueType="40">238</gnm:Cell>
        <gnm:Cell Row="19" Col="3" ValueType="40">4.1900000000000004</gnm:Cell>
        <gnm:Cell Row="19" Col="4" ExprID="1"/>
        <gnm:Cell Row="19" Col="5" ValueType="40">1.3885e+17</gnm:Cell>
        <gnm:Cell Row="19" Col="6" ExprID="2"/>
        <gnm:Cell Row="19" Col="7" ExprID="3"/>
        <gnm:Cell Row="19" Col="8" ExprID="4"/>
        <gnm:Cell Row="19" Col="9" ExprID="5"/>
        <gnm:Cell Row="19" Col="10" ExprID="6"/>
        <gnm:Cell Row="20" Col="0" ValueType="60">Plutonium</gnm:Cell>
        <gnm:Cell Row="20" Col="1" ValueType="40">94</gnm:Cell>
        <gnm:Cell Row="20" Col="2" ValueType="40">236</gnm:Cell>
        <gnm:Cell Row="20" Col="3" ValueType="40">5.75</gnm:Cell>
        <gnm:Cell Row="20" Col="4" ExprID="1"/>
        <gnm:Cell Row="20" Col="5" ValueType="40">90189690</gnm:Cell>
        <gnm:Cell Row="20" Col="6" ExprID="2"/>
        <gnm:Cell Row="20" Col="7" ExprID="3"/>
        <gnm:Cell Row="20" Col="8" ExprID="4"/>
        <gnm:Cell Row="20" Col="9" ExprID="5"/>
        <gnm:Cell Row="20" Col="10" ExprID="6"/>
        <gnm:Cell Row="21" Col="0" ValueType="60">Plutonium</gnm:Cell>
        <gnm:Cell Row="21" Col="1" ValueType="40">94</gnm:Cell>
        <gnm:Cell Row="21" Col="2" ValueType="40">238</gnm:Cell>
        <gnm:Cell Row="21" Col="3" ValueType="40">5.4800000000000004</gnm:Cell>
        <gnm:Cell Row="21" Col="4" ExprID="1"/>
        <gnm:Cell Row="21" Col="5" ValueType="40">2768804700</gnm:Cell>
        <gnm:Cell Row="21" Col="6" ExprID="2"/>
        <gnm:Cell Row="21" Col="7" ExprID="3"/>
        <gnm:Cell Row="21" Col="8" ExprID="4"/>
        <gnm:Cell Row="21" Col="9" ExprID="5"/>
        <gnm:Cell Row="21" Col="10" ExprID="6"/>
        <gnm:Cell Row="22" Col="0" ValueType="60">Plutonium</gnm:Cell>
        <gnm:Cell Row="22" Col="1" ValueType="40">94</gnm:Cell>
        <gnm:Cell Row="22" Col="2" ValueType="40">239</gnm:Cell>
        <gnm:Cell Row="22" Col="3" ValueType="40">5.1483790000000003</gnm:Cell>
        <gnm:Cell Row="22" Col="4" ExprID="1"/>
        <gnm:Cell Row="22" Col="5" ValueType="40">760837000000</gnm:Cell>
        <gnm:Cell Row="22" Col="6" ExprID="2"/>
        <gnm:Cell Row="22" Col="7" ExprID="3"/>
        <gnm:Cell Row="22" Col="8" ExprID="4"/>
        <gnm:Cell Row="22" Col="9" ExprID="5"/>
        <gnm:Cell Row="22" Col="10" ExprID="6"/>
        <gnm:Cell Row="23" Col="0" ValueType="60">Plutonium</gnm:Cell>
        <gnm:Cell Row="23" Col="1" ValueType="40">94</gnm:Cell>
        <gnm:Cell Row="23" Col="2" ValueType="40">240</gnm:Cell>
        <gnm:Cell Row="23" Col="3" ValueType="40">5.1508779999999996</gnm:Cell>
        <gnm:Cell Row="23" Col="4" ExprID="1"/>
        <gnm:Cell Row="23" Col="5" ValueType="40">207045000000</gnm:Cell>
        <gnm:Cell Row="23" Col="6" ExprID="2"/>
        <gnm:Cell Row="23" Col="7" ExprID="3"/>
        <gnm:Cell Row="23" Col="8" ExprID="4"/>
        <gnm:Cell Row="23" Col="9" ExprID="5"/>
        <gnm:Cell Row="23" Col="10" ExprID="6"/>
        <gnm:Cell Row="24" Col="0" ValueType="60">Plutonium</gnm:Cell>
        <gnm:Cell Row="24" Col="1" ValueType="40">94</gnm:Cell>
        <gnm:Cell Row="24" Col="2" ValueType="40">242</gnm:Cell>
        <gnm:Cell Row="24" Col="3" ValueType="40">4.8799999999999999</gnm:Cell>
        <gnm:Cell Row="24" Col="4" ExprID="1"/>
        <gnm:Cell Row="24" Col="5" ValueType="40">11770733000000</gnm:Cell>
        <gnm:Cell Row="24" Col="6" ExprID="2"/>
        <gnm:Cell Row="24" Col="7" ExprID="3"/>
        <gnm:Cell Row="24" Col="8" ExprID="4"/>
        <gnm:Cell Row="24" Col="9" ExprID="5"/>
        <gnm:Cell Row="24" Col="10" ExprID="6"/>
        <gnm:Cell Row="25" Col="0" ValueType="60">Curium</gnm:Cell>
        <gnm:Cell Row="25" Col="1" ValueType="40">96</gnm:Cell>
        <gnm:Cell Row="25" Col="2" ValueType="40">240</gnm:Cell>
        <gnm:Cell Row="25" Col="3" ValueType="40">6.4000000000000004</gnm:Cell>
        <gnm:Cell Row="25" Col="4" ExprID="1"/>
        <gnm:Cell Row="25" Col="5" ValueType="40">2332800</gnm:Cell>
        <gnm:Cell Row="25" Col="6" ExprID="2"/>
        <gnm:Cell Row="25" Col="7" ExprID="3"/>
        <gnm:Cell Row="25" Col="8" ExprID="4"/>
        <gnm:Cell Row="25" Col="9" ExprID="5"/>
        <gnm:Cell Row="25" Col="10" ExprID="6"/>
        <gnm:Cell Row="26" Col="0" ValueType="60">Curium</gnm:Cell>
        <gnm:Cell Row="26" Col="1" ValueType="40">96</gnm:Cell>
        <gnm:Cell Row="26" Col="2" ValueType="40">242</gnm:Cell>
        <gnm:Cell Row="26" Col="3" ValueType="40">6.0999999999999996</gnm:Cell>
        <gnm:Cell Row="26" Col="4" ExprID="1"/>
        <gnm:Cell Row="26" Col="5" ValueType="40">14071100</gnm:Cell>
        <gnm:Cell Row="26" Col="6" ExprID="2"/>
        <gnm:Cell Row="26" Col="7" ExprID="3"/>
        <gnm:Cell Row="26" Col="8" ExprID="4"/>
        <gnm:Cell Row="26" Col="9" ExprID="5"/>
        <gnm:Cell Row="26" Col="10" ExprID="6"/>
        <gnm:Cell Row="27" Col="0" ValueType="60">Curium</gnm:Cell>
        <gnm:Cell Row="27" Col="1" ValueType="40">96</gnm:Cell>
        <gnm:Cell Row="27" Col="2" ValueType="40">244</gnm:Cell>
        <gnm:Cell Row="27" Col="3" ValueType="40">5.8899999999999997</gnm:Cell>
        <gnm:Cell Row="27" Col="4" ExprID="1"/>
        <gnm:Cell Row="27" Col="5" ValueType="40">571495900</gnm:Cell>
        <gnm:Cell Row="27" Col="6" ExprID="2"/>
        <gnm:Cell Row="27" Col="7" ExprID="3"/>
        <gnm:Cell Row="27" Col="8" ExprID="4"/>
        <gnm:Cell Row="27" Col="9" ExprID="5"/>
        <gnm:Cell Row="27" Col="10" ExprID="6"/>
        <gnm:Cell Row="28" Col="0" ValueType="60">moyenne</gnm:Cell>
        <gnm:Cell Row="28" Col="7" ExprID="7">=average(H2:H28)</gnm:Cell>
        <gnm:Cell Row="28" Col="8" ExprID="7"/>
        <gnm:Cell Row="28" Col="10" ExprID="7"/>
      </gnm:Cells>
      <gnm:MergedRegions>
        <gnm:Merge>M8:P8</gnm:Merge>
        <gnm:Merge>M1:N1</gnm:Merge>
      </gnm:MergedRegions>
      <gnm:SheetLayout TopLeft="A1"/>
      <gnm:Solver ModelType="0" ProblemType="0" MaxTime="60" MaxIter="1000" NonNeg="1" Discr="0" AutoScale="0" ProgramR="0" SensitivityR="0"/>
    </gnm:Sheet>
    <gnm:Sheet DisplayFormulas="0" HideZero="0" HideGrid="1" HideColHeader="0" HideRowHeader="0" DisplayOutlines="1" OutlineSymbolsBelow="1" OutlineSymbolsRight="1" Visibility="GNM_SHEET_VISIBILITY_VISIBLE" GridColor="0:0:0">
      <gnm:Name>Graphique1</gnm:Name>
      <gnm:MaxCol>0</gnm:MaxCol>
      <gnm:MaxRow>0</gnm:MaxRow>
      <gnm:Zoom>1</gnm:Zoom>
      <gnm:PrintInformation>
        <gnm:Margins>
          <gnm:top Points="120" PrefUnit="mm"/>
          <gnm:bottom Points="120" PrefUnit="mm"/>
          <gnm:left Points="72" PrefUnit="mm"/>
          <gnm:right Points="72" PrefUnit="mm"/>
          <gnm:header Points="72" PrefUnit="mm"/>
          <gnm:footer Points="72" PrefUnit="mm"/>
        </gnm:Margins>
        <gnm:Scale type="percentage" percentage="100"/>
        <gnm:vcenter value="0"/>
        <gnm:hcenter value="0"/>
        <gnm:grid value="0"/>
        <gnm:even_if_only_styles value="0"/>
        <gnm:monochrome value="0"/>
        <gnm:draft value="0"/>
        <gnm:titles value="0"/>
        <gnm:do_not_print value="0"/>
        <gnm:print_range value="GNM_PRINT_ACTIVE_SHEET"/>
        <gnm:order>d_then_r</gnm:order>
        <gnm:orientation>landscape</gnm:orientation>
        <gnm:Header Left="" Middle="&amp;[TAB]" Right=""/>
        <gnm:Footer Left="" Middle="Page &amp;[PAGE]" Right=""/>
        <gnm:paper>iso_a4</gnm:paper>
        <gnm:comments placement="GNM_PRINT_COMMENTS_IN_PLACE"/>
        <gnm:errors PrintErrorsAs="GNM_PRINT_ERRORS_AS_DISPLAYED"/>
      </gnm:PrintInformation>
      <gnm:Styles>
        <gnm:StyleRegion startCol="0" startRow="0" endCol="255" endRow="65535">
          <gnm:Style HAlign="GNM_HALIGN_GENERAL" VAlign="GNM_VALIGN_BOTTOM" WrapText="0" ShrinkToFit="0" Rotation="0" Shade="0" Indent="0" Locked="1" Hidden="0" Fore="0:0:0" Back="FFFF:FFFF:FFFF" PatternColor="0:0:0" Format="General">
            <gnm:Font Unit="10" Bold="0" Italic="0" Underline="0" StrikeThrough="0" Script="0">Sans</gnm:Font>
          </gnm:Style>
        </gnm:StyleRegion>
      </gnm:Styles>
      <gnm:Cols DefaultSizePts="48"/>
      <gnm:Rows DefaultSizePts="13.5"/>
      <gnm:Selections CursorCol="0" CursorRow="0">
        <gnm:Selection startCol="0" startRow="0" endCol="0" endRow="0"/>
      </gnm:Selections>
      <gnm:Objects>
        <gnm:SheetObjectGraph ObjectBound="A1:B2" ObjectOffset="0 0 0 0" Direction="17" Print="1">
          <GogObject type="GogGraph">
            <property name="height-pts">355.27559055118115</property>
            <property name="width-pts">697.8897637795276</property>
            <property name="theme-name">Default</property>
            <property name="padding-pts">7.086614173228346</property>
            <property name="style" type="GogStyle">
              <outline auto-dash="1" auto-width="1" auto-color="1"/>
              <fill type="none" auto-type="1" is-auto="1" auto-fore="1"/>
            </property>
            <property name="anchor">top-left</property>
            <property name="alignment">fill</property>
            <GogObject role="Chart">
              <property name="ypos">0</property>
              <property name="padding-pts">7.086614173228346</property>
              <property name="style" type="GogStyle">
                <outline auto-dash="1" auto-width="1" auto-color="1"/>
                <fill type="pattern" auto-type="1" is-auto="1" auto-fore="1">
                  <pattern type="solid" fore="0:0:0:FF" back="FF:FF:FF:FF" auto-pattern="1"/>
                </fill>
              </property>
              <property name="id">1</property>
              <GogObject role="Grid">
                <property name="style" type="GogStyle">
                  <outline auto-dash="1" auto-width="1" auto-color="1"/>
                  <fill type="pattern" auto-type="1" is-auto="1" auto-fore="1">
                    <pattern type="solid" fore="0:0:0:FF" back="D0:D0:D0:FF" auto-pattern="1"/>
                  </fill>
                </property>
                <property name="id">1</property>
              </GogObject>
              <GogObject role="X-Axis">
                <property name="metrics-unit">none</property>
                <property name="pos-str">low</property>
                <property name="style" type="GogStyle">
                  <line auto-dash="1" auto-width="1" auto-color="1"/>
                  <font auto-color="1" auto-font="1" auto-scale="1"/>
                  <text_layout/>
                </property>
                <property name="id">1</property>
                <data/>
              </GogObject>
              <GogObject role="Y-Axis">
                <property name="metrics-unit">none</property>
                <property name="assigned-format-string-XL">0E-00</property>
                <property name="map-name">Log</property>
                <property name="pos-str">low</property>
                <property name="style" type="GogStyle">
                  <line auto-dash="1" auto-width="1" auto-color="1"/>
                  <font auto-color="1" auto-font="1" auto-scale="1"/>
                  <text_layout/>
                </property>
                <property name="id">1</property>
                <data/>
              </GogObject>
              <GogObject role="Plot" type="GogXYPlot">
                <property name="default-style-has-fill">FALSE</property>
                <property name="default-style-has-lines">FALSE</property>
                <property name="y-axis">1</property>
                <property name="x-axis">1</property>
                <property name="vary-style-by-element">FALSE</property>
                <property name="id">1</property>
                <GogObject role="Series">
                  <property name="fill-type">y-origin</property>
                  <property name="interpolation">linear</property>
                  <property name="style" type="GogStyle">
                    <line auto-dash="1" auto-width="1" auto-color="1"/>
                    <fill type="none" auto-type="1" is-auto="1" auto-fore="1"/>
                    <marker auto-shape="1" auto-outline="1" auto-fill="1" size="5"/>
                  </property>
                  <property name="id">6</property>
                  <data>
                    <dimension id="-1" type="GnmGODataScalar">Feuille1!$A$2</dimension>
                    <dimension id="0" type="GnmGODataVector">Feuille1!$E$2</dimension>
                    <dimension id="1" type="GnmGODataVector">Feuille1!$F$2</dimension>
                  </data>
                  <GogObject role="Trend line" type="GogExpRegCurve">
                    <property name="style" type="GogStyle">
                      <line auto-dash="1" auto-width="1" auto-color="1"/>
                    </property>
                    <property name="id">1</property>
                    <data/>
                  </GogObject>
                </GogObject>
                <GogObject role="Series">
                  <property name="fill-type">y-origin</property>
                  <property name="interpolation">linear</property>
                  <property name="style" type="GogStyle">
                    <line auto-dash="1" auto-width="1" auto-color="1"/>
                    <fill type="none" auto-type="1" is-auto="1" auto-fore="1"/>
                    <marker auto-shape="1" auto-outline="1" auto-fill="1" size="5"/>
                  </property>
                  <property name="id">5</property>
                  <data>
                    <dimension id="-1" type="GnmGODataScalar">Feuille1!$A$5</dimension>
                    <dimension id="0" type="GnmGODataVector">Feuille1!$E$5:$E$7</dimension>
                    <dimension id="1" type="GnmGODataVector">Feuille1!$F$5:$F$7</dimension>
                  </data>
                  <GogObject role="Trend line" type="GogExpRegCurve">
                    <property name="style" type="GogStyle">
                      <line auto-dash="1" auto-width="0" width="0.5" auto-color="0" color="FF:0:FF:FF"/>
                    </property>
                    <property name="id">1</property>
                    <data/>
                  </GogObject>
                </GogObject>
                <GogObject role="Series">
                  <property name="fill-type">y-origin</property>
                  <property name="interpolation">linear</property>
                  <property name="style" type="GogStyle">
                    <line auto-dash="1" auto-width="1" auto-color="1"/>
                    <fill type="none" auto-type="1" is-auto="1" auto-fore="1"/>
                    <marker auto-shape="1" auto-outline="1" auto-fill="1" size="5"/>
                  </property>
                  <property name="id">3</property>
                  <data>
                    <dimension id="-1" type="GnmGODataScalar">Feuille1!$A$8</dimension>
                    <dimension id="0" type="GnmGODataVector">Feuille1!$E$8:$E$12</dimension>
                    <dimension id="1" type="GnmGODataVector">Feuille1!$F$8:$F$12</dimension>
                  </data>
                  <GogObject role="Trend line" type="GogExpRegCurve">
                    <property name="style" type="GogStyle">
                      <line auto-dash="1" auto-width="0" width="0.5" auto-color="0" color="FF:FF:0:FF"/>
                    </property>
                    <property name="id">1</property>
                    <data/>
                  </GogObject>
                </GogObject>
                <GogObject role="Series">
                  <property name="fill-type">y-origin</property>
                  <property name="interpolation">linear</property>
                  <property name="style" type="GogStyle">
                    <line auto-dash="1" auto-width="1" auto-color="1"/>
                    <fill type="none" auto-type="1" is-auto="1" auto-fore="1"/>
                    <marker auto-shape="1" auto-outline="0" outline-color="0:0:FF:FF" auto-fill="0" fill-color="0:0:FF:FF" size="5"/>
                  </property>
                  <property name="id">1</property>
                  <data>
                    <dimension id="-1" type="GnmGODataScalar">Feuille1!$A$13</dimension>
                    <dimension id="0" type="GnmGODataVector">Feuille1!$E$13:$E$20</dimension>
                    <dimension id="1" type="GnmGODataVector">Feuille1!$F$13:$F$20</dimension>
                  </data>
                  <GogObject role="Trend line" type="GogExpRegCurve">
                    <property name="style" type="GogStyle">
                      <line auto-dash="1" auto-width="0" width="0.5" auto-color="0" color="0:0:FF:FF"/>
                    </property>
                    <property name="id">1</property>
                    <data/>
                  </GogObject>
                </GogObject>
                <GogObject role="Series">
                  <property name="fill-type">y-origin</property>
                  <property name="interpolation">linear</property>
                  <property name="style" type="GogStyle">
                    <line auto-dash="1" auto-width="1" auto-color="1"/>
                    <fill type="none" auto-type="1" is-auto="1" auto-fore="1"/>
                    <marker auto-shape="1" auto-outline="1" auto-fill="1" size="5"/>
                  </property>
                  <property name="id">2</property>
                  <data>
                    <dimension id="-1" type="GnmGODataScalar">Feuille1!$A$21</dimension>
                    <dimension id="0" type="GnmGODataVector">Feuille1!$E$21:$E$25</dimension>
                    <dimension id="1" type="GnmGODataVector">Feuille1!$F$21:$F$25</dimension>
                  </data>
                  <GogObject role="Trend line" type="GogExpRegCurve">
                    <property name="style" type="GogStyle">
                      <line auto-dash="1" auto-width="0" width="0.5" auto-color="0" color="99:33:66:FF"/>
                    </property>
                    <property name="id">1</property>
                    <data/>
                  </GogObject>
                </GogObject>
                <GogObject role="Series">
                  <property name="fill-type">y-origin</property>
                  <property name="interpolation">linear</property>
                  <property name="style" type="GogStyle">
                    <line auto-dash="1" auto-width="1" auto-color="1"/>
                    <fill type="none" auto-type="1" is-auto="1" auto-fore="1"/>
                    <marker auto-shape="0" shape="diamond" auto-outline="0" outline-color="FF:0:0:FF" auto-fill="0" fill-color="FF:0:0:FF" size="5"/>
                  </property>
                  <property name="id">4</property>
                  <data>
                    <dimension id="-1" type="GnmGODataScalar">Feuille1!$A$26</dimension>
                    <dimension id="0" type="GnmGODataVector">Feuille1!$E$26:$E$28</dimension>
                    <dimension id="1" type="GnmGODataVector">Feuille1!$F$26:$F$28</dimension>
                  </data>
                  <GogObject role="Trend line" type="GogExpRegCurve">
                    <property name="style" type="GogStyle">
                      <line auto-dash="1" auto-width="0" width="0.5" auto-color="0" color="FF:0:0:FF"/>
                    </property>
                    <property name="id">1</property>
                    <data/>
                  </GogObject>
                </GogObject>
              </GogObject>
            </GogObject>
          </GogObject>
        </gnm:SheetObjectGraph>
      </gnm:Objects>
      <gnm:Cells/>
      <gnm:SheetLayout TopLeft="A1"/>
      <gnm:Solver ModelType="0" ProblemType="0" MaxTime="60" MaxIter="1000" NonNeg="1" Discr="0" AutoScale="0" ProgramR="0" SensitivityR="0"/>
    </gnm:Sheet>
    <gnm:Sheet DisplayFormulas="0" HideZero="0" HideGrid="1" HideColHeader="0" HideRowHeader="0" DisplayOutlines="1" OutlineSymbolsBelow="1" OutlineSymbolsRight="1" Visibility="GNM_SHEET_VISIBILITY_VISIBLE" GridColor="0:0:0">
      <gnm:Name>Graphique2</gnm:Name>
      <gnm:MaxCol>0</gnm:MaxCol>
      <gnm:MaxRow>0</gnm:MaxRow>
      <gnm:Zoom>1</gnm:Zoom>
      <gnm:PrintInformation>
        <gnm:Margins>
          <gnm:top Points="120" PrefUnit="mm"/>
          <gnm:bottom Points="120" PrefUnit="mm"/>
          <gnm:left Points="72" PrefUnit="mm"/>
          <gnm:right Points="72" PrefUnit="mm"/>
          <gnm:header Points="72" PrefUnit="mm"/>
          <gnm:footer Points="72" PrefUnit="mm"/>
        </gnm:Margins>
        <gnm:Scale type="percentage" percentage="100"/>
        <gnm:vcenter value="0"/>
        <gnm:hcenter value="0"/>
        <gnm:grid value="0"/>
        <gnm:even_if_only_styles value="0"/>
        <gnm:monochrome value="0"/>
        <gnm:draft value="0"/>
        <gnm:titles value="0"/>
        <gnm:do_not_print value="0"/>
        <gnm:print_range value="GNM_PRINT_ACTIVE_SHEET"/>
        <gnm:order>d_then_r</gnm:order>
        <gnm:orientation>landscape</gnm:orientation>
        <gnm:Header Left="" Middle="&amp;[TAB]" Right=""/>
        <gnm:Footer Left="" Middle="Page &amp;[PAGE]" Right=""/>
        <gnm:paper>iso_a4</gnm:paper>
        <gnm:comments placement="GNM_PRINT_COMMENTS_IN_PLACE"/>
        <gnm:errors PrintErrorsAs="GNM_PRINT_ERRORS_AS_DISPLAYED"/>
      </gnm:PrintInformation>
      <gnm:Styles>
        <gnm:StyleRegion startCol="0" startRow="0" endCol="255" endRow="65535">
          <gnm:Style HAlign="GNM_HALIGN_GENERAL" VAlign="GNM_VALIGN_BOTTOM" WrapText="0" ShrinkToFit="0" Rotation="0" Shade="0" Indent="0" Locked="1" Hidden="0" Fore="0:0:0" Back="FFFF:FFFF:FFFF" PatternColor="0:0:0" Format="General">
            <gnm:Font Unit="10" Bold="0" Italic="0" Underline="0" StrikeThrough="0" Script="0">Sans</gnm:Font>
          </gnm:Style>
        </gnm:StyleRegion>
      </gnm:Styles>
      <gnm:Cols DefaultSizePts="48"/>
      <gnm:Rows DefaultSizePts="13.5"/>
      <gnm:Selections CursorCol="0" CursorRow="0">
        <gnm:Selection startCol="0" startRow="0" endCol="0" endRow="0"/>
      </gnm:Selections>
      <gnm:Objects>
        <gnm:SheetObjectGraph ObjectBound="A1:B2" ObjectOffset="0 0 0 0" Direction="17" Print="1">
          <GogObject type="GogGraph">
            <property name="height-pts">355.27559055118115</property>
            <property name="width-pts">697.8897637795276</property>
            <property name="theme-name">Default</property>
            <property name="padding-pts">7.086614173228346</property>
            <property name="style" type="GogStyle">
              <outline auto-dash="1" auto-width="1" auto-color="1"/>
              <fill type="none" auto-type="1" is-auto="1" auto-fore="1"/>
            </property>
            <property name="anchor">top-left</property>
            <property name="alignment">fill</property>
            <GogObject role="Chart">
              <property name="ypos">0</property>
              <property name="padding-pts">7.086614173228346</property>
              <property name="style" type="GogStyle">
                <outline auto-dash="1" auto-width="1" auto-color="1"/>
                <fill type="pattern" auto-type="1" is-auto="1" auto-fore="1">
                  <pattern type="solid" fore="0:0:0:FF" back="FF:FF:FF:FF" auto-pattern="1"/>
                </fill>
              </property>
              <property name="id">1</property>
              <GogObject role="Grid">
                <property name="style" type="GogStyle">
                  <outline auto-dash="1" auto-width="1" auto-color="1"/>
                  <fill type="pattern" auto-type="1" is-auto="1" auto-fore="1">
                    <pattern type="solid" fore="0:0:0:FF" back="D0:D0:D0:FF" auto-pattern="1"/>
                  </fill>
                </property>
                <property name="id">1</property>
              </GogObject>
              <GogObject role="X-Axis">
                <property name="metrics-unit">none</property>
                <property name="pos-str">low</property>
                <property name="style" type="GogStyle">
                  <line auto-dash="1" auto-width="1" auto-color="1"/>
                  <font auto-color="1" auto-font="1" auto-scale="1"/>
                  <text_layout/>
                </property>
                <property name="id">1</property>
                <data/>
              </GogObject>
              <GogObject role="Y-Axis">
                <property name="metrics-unit">none</property>
                <property name="pos-str">low</property>
                <property name="style" type="GogStyle">
                  <line auto-dash="1" auto-width="1" auto-color="1"/>
                  <font auto-color="1" auto-font="1" auto-scale="1"/>
                  <text_layout/>
                </property>
                <property name="id">1</property>
                <data/>
              </GogObject>
              <GogObject role="Plot" type="GogXYPlot">
                <property name="default-style-has-fill">FALSE</property>
                <property name="default-style-has-lines">FALSE</property>
                <property name="y-axis">1</property>
                <property name="x-axis">1</property>
                <property name="vary-style-by-element">FALSE</property>
                <property name="id">1</property>
                <GogObject role="Series">
                  <property name="fill-type">y-origin</property>
                  <property name="interpolation">linear</property>
                  <property name="style" type="GogStyle">
                    <line auto-dash="1" auto-width="1" auto-color="1"/>
                    <fill type="none" auto-type="1" is-auto="1" auto-fore="1"/>
                    <marker auto-shape="1" auto-outline="1" auto-fill="1" size="5"/>
                  </property>
                  <property name="id">1</property>
                  <data>
                    <dimension id="-1" type="GnmGODataScalar">&quot;Experimental&quot;</dimension>
                    <dimension id="0" type="GnmGODataVector">Feuille1!$E$2:$E$28</dimension>
                    <dimension id="1" type="GnmGODataVector">Feuille1!$G$2:$G$28</dimension>
                  </data>
                  <GogObject role="Trend line" type="GogLinRegCurve">
                    <property name="style" type="GogStyle">
                      <line auto-dash="1" auto-width="1" auto-color="1"/>
                    </property>
                    <property name="id">1</property>
                    <data/>
                  </GogObject>
                </GogObject>
                <GogObject role="Series">
                  <property name="fill-type">y-origin</property>
                  <property name="interpolation">linear</property>
                  <property name="style" type="GogStyle">
                    <line auto-dash="1" auto-width="1" auto-color="1"/>
                    <fill type="none" auto-type="1" is-auto="1" auto-fore="1"/>
                    <marker auto-shape="1" auto-outline="1" auto-fill="1" size="5"/>
                  </property>
                  <property name="id">2</property>
                  <data>
                    <dimension id="-1" type="GnmGODataScalar">&quot;Théorique&quot;</dimension>
                    <dimension id="0" type="GnmGODataVector">Feuille1!$E$2:$E$28</dimension>
                    <dimension id="1" type="GnmGODataVector">Feuille1!$J$2:$J$28</dimension>
                  </data>
                  <GogObject role="Trend line" type="GogLinRegCurve">
                    <property name="style" type="GogStyle">
                      <line auto-dash="1" auto-width="1" auto-color="1"/>
                    </property>
                    <property name="id">1</property>
                    <data/>
                  </GogObject>
                </GogObject>
              </GogObject>
              <GogObject role="Legend">
                <property name="swatch-padding-pts">5.669291338582677</property>
                <property name="swatch-size-pts">7.086614173228346</property>
                <property name="padding-pts">7.086614173228346</property>
                <property name="style" type="GogStyle">
                  <outline auto-dash="1" auto-width="1" auto-color="1"/>
                  <fill type="pattern" auto-type="1" is-auto="1" auto-fore="1">
                    <pattern type="solid" fore="0:0:0:FF" back="FF:FF:FF:FF" auto-pattern="1"/>
                  </fill>
                  <font auto-color="1" auto-font="1" auto-scale="1"/>
                </property>
                <property name="id">1</property>
              </GogObject>
            </GogObject>
          </GogObject>
        </gnm:SheetObjectGraph>
      </gnm:Objects>
      <gnm:Cells/>
      <gnm:SheetLayout TopLeft="A1"/>
      <gnm:Solver ModelType="0" ProblemType="0" MaxTime="60" MaxIter="1000" NonNeg="1" Discr="0" AutoScale="0" ProgramR="0" SensitivityR="0"/>
    </gnm:Sheet>
  </gnm:Sheets>
  <gnm:UIData SelectedTab="0"/>
</gnm:Workbook>
